তারিখ,ডকুমেন্ট,বিবরণ,ডেবিট,ক্রেডিট,ব্যালেন্স
27/09/2026,1105-01,খোলা ব্যালেন্স,"10,000.00",0.00,"10,000.00"
27/09/2026,1105-01,খোলা ব্যালেন্স,0.00,"10,000.00",0.00
27/09/2026,RCV-0003,"QA মূলধন ব্যাংকে ৫,০০০ (সম্পাদিত)","4,999.00",0.00,"4,999.00"
27/09/2026,RCV-0003,"QA মূলধন ব্যাংকে ৫,০০০ (সম্পাদিত)",0.00,"4,999.00",0.00
27/09/2026,PAY-0001,"QA হাতধার দিলাম 3,000","3,000.00",0.00,"3,000.00"
27/09/2026,PAY-0001,"QA হাতধার দিলাম 3,000",0.00,"3,000.00",0.00
27/09/2026,RCV-0004,"QA আংশিক ফেরত 1,000","1,000.00",0.00,"1,000.00"
27/09/2026,RCV-0004,"QA আংশিক ফেরত 1,000",0.00,"1,000.00",0.00
27/09/2026,PAY-0002,জমা DEP-0001 — QA Test Bank,"1,000.00",0.00,"1,000.00"
27/09/2026,PAY-0002,জমা DEP-0001 — QA Test Bank,0.00,"1,000.00",0.00
27/09/2026,PBL-0001,PBL-0001 — মাল গুদামে ঢুকল,"2,600.00",0.00,"2,600.00"
27/09/2026,PBL-0001,PBL-0001 — সরবরাহকারীর প্রদেয়,0.00,"2,600.00",0.00
27/09/2026,PMT-0001,PMT-0001 — প্রদেয়ের বিপরীতে,"1,000.00",0.00,"1,000.00"
27/09/2026,PMT-0001,PMT-0001 — টাকা পরিশোধ,0.00,"1,000.00",0.00
27/09/2026,PRT-0003,PRT-0003 — ফেরতে প্রদেয় কমল,200.00,0.00,200.00
27/09/2026,PRT-0003,PRT-0003 — মাল গুদাম ছাড়ল,0.00,200.00,0.00
27/09/2026,PBL-0003,PBL-0003 — মাল গুদামে ঢুকল,400.00,0.00,400.00
27/09/2026,PBL-0003,PBL-0003 — সরবরাহকারীর প্রদেয়,0.00,400.00,0.00
27/09/2026,INV-0001,INV-0001 — গ্রাহকের কাছে পাওনা,500.00,0.00,500.00
27/09/2026,INV-0001,INV-0001 — বিক্রয়,0.00,500.00,0.00
27/09/2026,INV-0001,INV-0001 — বিক্রীত পণ্যের ব্যয়,400.00,0.00,400.00
27/09/2026,INV-0001,INV-0001 — মজুদ কমল,0.00,400.00,0.00
27/09/2026,INV-0004,INV-0004 — গ্রাহকের কাছে পাওনা,250.00,0.00,250.00
27/09/2026,INV-0004,INV-0004 — বিক্রয়,0.00,250.00,0.00
27/09/2026,INV-0004,INV-0004 — বিক্রীত পণ্যের ব্যয়,200.00,0.00,200.00
27/09/2026,INV-0004,INV-0004 — মজুদ কমল,0.00,200.00,0.00
27/09/2026,RCV-0007,QA নগদ বিক্রয় ২৫০ (নিজের টিল),250.00,0.00,250.00
27/09/2026,RCV-0007,QA নগদ বিক্রয় ২৫০ (নিজের টিল),0.00,250.00,0.00
27/09/2026,SRT-0001,SRT-0001 — বিক্রয় ফেরত,125.00,0.00,125.00
27/09/2026,SRT-0001,SRT-0001 — গ্রাহকের পাওনা কমল,0.00,125.00,0.00
27/09/2026,SRT-0001,SRT-0001 — মাল গুদামে ফিরল,100.00,0.00,100.00
27/09/2026,SRT-0001,SRT-0001 — বিক্রীত পণ্যের ব্যয় ফিরল,0.00,100.00,0.00
27/09/2026,COL-0001,COL-0001 — টাকা জমা,200.00,0.00,200.00
27/09/2026,COL-0001,COL-0001 — পাওনার বিপরীতে,0.00,200.00,0.00
