হিসাব,ডেবিট,ক্রেডিট
1101-TIL-0002 — QA টিল ১,200.00,"1,000.00"
1101-TIL-0003 — QA কাউন্টার টিল,250.00,0.00
1105-01 — QA বিকাশ মার্চেন্ট,"10,000.00",0.00
1106 — QA ব্যাংক হিসাব ১,"5,999.00","4,000.00"
1110 — প্রাপ্য হিসাব,"8,875.50",575.00
1120 — মজুদ পণ্য,"3,100.00",800.00
1160 — সঞ্চয় ও বিনিয়োগ,"1,000.00",0.00
1170 — হাতধার,"3,000.00","1,000.00"
2111 — মালের সরবরাহকারী,"1,200.00","3,000.00"
3100 — মালিকের মূলধন,0.00,"4,999.00"
3300 — সঞ্চিত মুনাফা,0.00,"18,125.50"
4100 — বিক্রয়,0.00,750.00
4110 — বিক্রয় ফেরত,125.00,0.00
5100 — বিক্রীত পণ্যের ব্যয়,600.00,100.00
