কখন,কে,কাজ,রেকর্ড,পরিবর্তন
"27 Sep 2026, 18:41",Owner (TCL test),সম্পাদনা,INV-0001 বিক্রয়,printed_count: 1 → 2 printed_at: 2026-09-27 18:... → 2026-09-27 18:...
"27 Sep 2026, 18:41",Owner (TCL test),সম্পাদনা,DC-0001 বিক্রয়,printed_count: 1 → 2 printed_at: 2026-09-27 18:... → 2026-09-27 18:...
"27 Sep 2026, 18:41",Owner (TCL test),সম্পাদনা,INV-0001 বিক্রয়,printed_count: 1 → 2 printed_at: 2026-09-27 18:... → 2026-09-27 18:...
"27 Sep 2026, 18:41",Owner (TCL test),সম্পাদনা,INV-0001 বিক্রয়,status: waiting → printed printed_count: 0 → 1 printed_at: — → 2026-09-27 18:... +1
"27 Sep 2026, 18:41",Owner (TCL test),তৈরি,INV-0001 বিক্রয়,—
"27 Sep 2026, 18:41",Owner (TCL test),সম্পাদনা,DC-0001 বিক্রয়,status: waiting → printed printed_count: 0 → 1 printed_at: — → 2026-09-27 18:... +1
"27 Sep 2026, 18:41",Owner (TCL test),তৈরি,DC-0001 বিক্রয়,—
"27 Sep 2026, 18:41",Owner (TCL test),সম্পাদনা,INV-0001 বিক্রয়,status: waiting → printed printed_count: 0 → 1 printed_at: — → 2026-09-27 18:... +1
"27 Sep 2026, 18:41",Owner (TCL test),তৈরি,INV-0001 বিক্রয়,—
"27 Sep 2026, 18:36",Owner (TCL test),তৈরি,#186,—
"27 Sep 2026, 18:36",Owner (TCL test),তৈরি,#185,—
"27 Sep 2026, 18:36",Owner (TCL test),তৈরি,#184,—
"27 Sep 2026, 17:10",Owner (TCL test),নিশ্চিত,TRP-0001 বিক্রয়,dispatched_at: — → 2026-09-27 17:... status: draft → confirmed
"27 Sep 2026, 17:10",Owner (TCL test),তৈরি,#1 বিক্রয়,—
"27 Sep 2026, 17:10",Owner (TCL test),তৈরি,TRP-0001 বিক্রয়,—
"27 Sep 2026, 17:09",Accountant (TCL test),নিশ্চিত,COL-0001 বিক্রয়,status: draft → confirmed
"27 Sep 2026, 17:08",Accountant (TCL test),তৈরি,#2 বিক্রয়,—
"27 Sep 2026, 17:08",Accountant (TCL test),তৈরি,COL-0001 বিক্রয়,—
"27 Sep 2026, 17:07",Counter (TCL test),নিশ্চিত,SRT-0001 বিক্রয়,status: draft → confirmed
"27 Sep 2026, 17:07",Counter (TCL test),সম্পাদনা,SRT-0001 বিক্রয়,cost_of_goods: 0.0000 → 100.0000
"27 Sep 2026, 17:07",Counter (TCL test),সম্পাদনা,SRT-0001 বিক্রয়,subtotal: — → 125.0000 tax: — → 0.0000 total: — → 125.0000 +1
"27 Sep 2026, 17:07",Counter (TCL test),তৈরি,#1 বিক্রয়,—
"27 Sep 2026, 17:07",Counter (TCL test),তৈরি,SRT-0001 বিক্রয়,—
"27 Sep 2026, 17:05",Counter (TCL test),নিশ্চিত,RCV-0007 হিসাব,status: draft → confirmed approved_by: — → 12 approved_at: — → 2026-09-27 17:...
"27 Sep 2026, 17:05",Counter (TCL test),নিশ্চিত,INV-0004 বিক্রয়,status: draft → confirmed
"27 Sep 2026, 17:05",Counter (TCL test),সম্পাদনা,INV-0004 বিক্রয়,cost_of_goods: 0.0000 → 200.0000
"27 Sep 2026, 17:05",Counter (TCL test),সম্পাদনা,#9 বিক্রয়,unit_cost: 0.0000 → 200.0000
"27 Sep 2026, 17:05",Counter (TCL test),নিশ্চিত,DC-0005 বিক্রয়,status: draft → confirmed
"27 Sep 2026, 17:05",Accountant (TCL test),সম্পাদনা,#39,status: pending → approved decided_at: — → 2026-09-27 17:...
"27 Sep 2026, 17:05",Accountant (TCL test),তৈরি,#10,—
"27 Sep 2026, 17:04",Counter (TCL test),তৈরি,#39,—
"27 Sep 2026, 17:04",Counter (TCL test),সম্পাদনা,RCV-0007 হিসাব,amount: — → 250.0000
"27 Sep 2026, 17:04",Counter (TCL test),তৈরি,#38 হিসাব,—
"27 Sep 2026, 17:04",Counter (TCL test),তৈরি,#37 হিসাব,—
"27 Sep 2026, 17:04",Counter (TCL test),তৈরি,RCV-0007 হিসাব,—
"27 Sep 2026, 17:04",Counter (TCL test),সম্পাদনা,INV-0004 বিক্রয়,subtotal: — → 250.0000 discount: — → 0.0000 tax: — → 0.0000 +2
"27 Sep 2026, 17:04",Counter (TCL test),তৈরি,#9 বিক্রয়,—
"27 Sep 2026, 17:04",Counter (TCL test),তৈরি,INV-0004 বিক্রয়,—
"27 Sep 2026, 17:04",Counter (TCL test),সম্পাদনা,DC-0005 বিক্রয়,deposit_amount: 0.0000 → 250.0000 payment_term: — → cash
"27 Sep 2026, 17:04",Counter (TCL test),সম্পাদনা,DC-0005 বিক্রয়,total: — → 250.0000
"27 Sep 2026, 17:04",Counter (TCL test),তৈরি,#36 বিক্রয়,—
"27 Sep 2026, 17:04",Counter (TCL test),তৈরি,DC-0005 বিক্রয়,—
"27 Sep 2026, 17:03",Owner (TCL test),তৈরি,TIL-0003 হিসাব,—
"27 Sep 2026, 17:03",Owner (TCL test),তৈরি,1101-TIL-0003 হিসাব,—
"27 Sep 2026, 17:02",Accountant (TCL test),সম্পাদনা,#38,status: pending → approved decided_at: — → 2026-09-27 17:...
"27 Sep 2026, 17:02",Accountant (TCL test),তৈরি,#9,—
"27 Sep 2026, 17:02",Counter (TCL test),তৈরি,#38,—
"27 Sep 2026, 17:01",Counter (TCL test),সম্পাদনা,RCV-0006 হিসাব,amount: — → 250.0000
"27 Sep 2026, 17:01",Counter (TCL test),তৈরি,#36 হিসাব,—
"27 Sep 2026, 17:01",Counter (TCL test),তৈরি,#35 হিসাব,—
"27 Sep 2026, 17:01",Counter (TCL test),তৈরি,RCV-0006 হিসাব,—
"27 Sep 2026, 17:01",Counter (TCL test),সম্পাদনা,INV-0003 বিক্রয়,subtotal: — → 250.0000 discount: — → 0.0000 tax: — → 0.0000 +2
"27 Sep 2026, 17:01",Counter (TCL test),তৈরি,#8 বিক্রয়,—
"27 Sep 2026, 17:01",Counter (TCL test),তৈরি,INV-0003 বিক্রয়,—
"27 Sep 2026, 17:01",Counter (TCL test),সম্পাদনা,DC-0004 বিক্রয়,deposit_amount: 0.0000 → 250.0000 payment_term: — → cash
"27 Sep 2026, 17:01",Counter (TCL test),সম্পাদনা,DC-0004 বিক্রয়,total: — → 250.0000
"27 Sep 2026, 17:01",Counter (TCL test),তৈরি,#35 বিক্রয়,—
"27 Sep 2026, 17:01",Counter (TCL test),তৈরি,DC-0004 বিক্রয়,—
"27 Sep 2026, 16:58",Counter (TCL test),সম্পাদনা,RCV-0005 হিসাব,amount: — → 600.0000
"27 Sep 2026, 16:58",Counter (TCL test),তৈরি,#34 হিসাব,—
